ID,Name,Rating,Day,Month,Year,Feedback
1,Batman,5,10,02,2565,Verynice
2,Robin,3,11,02,2565,Damm
3,Superman,5,04,03,2565,Woww
4,King,5,05,03,2565,Nice
5,Guy,5,06,04,2565,Nice
6,Niceguy,5,06,04,2565,Goodjob
7,Hyperbatman,5,06,04,2565,wowwwww
8,Bigboy,1,06,04,2565,Idontlikeservice
9,King,2,01,05,2567,lol
10,Joe,3,03,05,2567,notgreat
11,Yue,5,05,05,2568,Greatservice
12,Mike,5,06,05,2568,Hum
13,leo,5,07,05,2568,lol
14,Bose,5,04,06,2568,Woww
15,OS,5,05,06,2568,Nice
16,Bank,5,07,05,2568,verynice
17,KAKA,5,04,11,2567,nice
18,BankTest,5,07,05,2568,GoodService
19,BankTest,5,07,05,2568,GoodService
20,BankTest,5,07,05,2568,GoodService
21,BankTest,5,07,05,2568,GoodService
22,BankTest,5,07,05,2568,GoodService
23,Alice,5,01,01,2025,GoodService
